{
    "Shotgun": {
        "QB": [
            23.36286135586877,
            54.75838115004775
        ],
        "RB": [
            27.170488997980577,
            63.58012768898186
        ],
        "WR1": [
            7.270957131419193,
            53.116473512370206
        ],
        "WR2": [
            44.68523169031711,
            54.61331049863172
        ],
        "WR3": [
            9.307707329963506,
            67.31455103513433
        ],
        "WR4": [
            39.46933377397364,
            67.9376576418594
        ],
        "OL1": [
            15.167782843229912,
            65.02365124042726
        ],
        "OL2": [
            18.206508171391267,
            67.01235815126789
        ],
        "OL3": [
            20.362989403000725,
            70.51733017661479
        ],
        "OL4": [
            30.316727444035855,
            69.97796771843088
        ],
        "OL5": [
            25.7340629246456,
            68.05648301538902
        ]
    }
}